{
  "id": "3339139",
  "name": "no name",
  "font_family": "iconfont",
  "css_prefix_text": "icon-",
  "description": "",
  "glyphs": [
    {
      "icon_id": "4770728",
      "name": "放大镜",
      "font_class": "fangdajing",
      "unicode": "e637",
      "unicode_decimal": 58935
    },
    {
      "icon_id": "2076197",
      "name": "画幅1:1",
      "font_class": "huafu",
      "unicode": "e871",
      "unicode_decimal": 59505
    },
    {
      "icon_id": "2076238",
      "name": " 酒店2",
      "font_class": "jiudian",
      "unicode": "e888",
      "unicode_decimal": 59528
    },
    {
      "icon_id": "2076391",
      "name": " 360度全景",
      "font_class": "duquanjing",
      "unicode": "e8c3",
      "unicode_decimal": 59587
    },
    {
      "icon_id": "4506836",
      "name": "设备管理",
      "font_class": "shebeiguanli",
      "unicode": "ebb7",
      "unicode_decimal": 60343
    },
    {
      "icon_id": "5650915",
      "name": "三维",
      "font_class": "sanwei",
      "unicode": "e633",
      "unicode_decimal": 58931
    },
    {
      "icon_id": "5701367",
      "name": "我的小",
      "font_class": "wodexiao",
      "unicode": "e941",
      "unicode_decimal": 59713
    },
    {
      "icon_id": "18164959",
      "name": "报警,警报,报警灯,危险",
      "font_class": "alarm-full",
      "unicode": "e872",
      "unicode_decimal": 59506
    }
  ]
}
